FirstName	LastName	Country	City	Email	HomePhone	validation_email	phone_validation
Абдул	Абигасанов	Россия	Махачкала	est@email.ru	на хате	good	-
Петро	Порошенко	Украина	Херсон		59412		-
Ириска	Киска	Россия	Кемеровская область, Новокузнецкий район, Новокузнецк	test@email.ru	украли=)	good	-
Людмила	Сбоева (Панасюк)	Россия	Волжск				
Абдул	Абигасанов	Россия	Махачкала				
Ириска	Киска	Россия	Кемеровская область, Новокузнецкий район, Новокузнецк	est@email.ru		good	
Петро	Порошенко	Украина	Херсон				
Людмила	Сбоева (Панасюк)		Волжск	их несколько		-	
							
Абдул	Абигасанов	Россия	Махачкала				
Петро	Порошенко	Украина	Херсонская область, Херсон				
Ириска	Киска	Россия	Кемеровская область, Новокузнецкий район, Новокузнецк	@email		-	
Абдул	Абигасанов	Россия	Махачкала	@email		-	
Людмила	Сбоева (Панасюк)	Россия	Волжск	@email		-	
Петро	Порошенко	Украина	Херсонская область, Херсон	@email		-	
Абдул	Абигасанов	Россия	Махачкала	@email		-	
Людмила	Сбоева (Панасюк)		Волжск	@email		-	
Татьяна	Максимова	Россия	Башкортостан, Бирский район, Бирск	my@．．leadingfwdot.com		-	
Ириска	Киска	Россия	Кемеровская область, Новокузнецкий район, Новокузнецк	my@..twodots.com		-	
Людмила	Сбоева (Панасюк)	Россия	Волжск	my@twodots..com		-	
Петро	Порошенко	Украина	Херсонская область, Херсон	my@baddash.-.com		-	
Ириска	Киска	Россия	Кемеровская область, Новокузнецкий район, Новокузнецк	my@baddash.-a.com		-	
Абдул	Абигасанов	Россия	Махачкала	my@baddash.b-.com		-	
Петро	Порошенко	Украина	Херсонская область, Херсон	.leadingdot@domain.com		-	
Аделина	Садыкова	Россия	Омск	..twodots@domain.com		-	
Татьяна	Максимова	Россия	Башкортостан, Бирский район, Бирск	twodots..here@domain.com		-	
Абдул	Абигасанов	Россия	Махачкала	me@⒈wouldbeinvalid.com		good	
Петро	Порошенко	Украина	Херсонская область, Херсон	Abc@example.com		good	
Людмила	Сбоева (Панасюк)	Россия	Марий Эл, Волжский район, Волжск	Abc.123@example.com		good	
Татьяна	Максимова	Россия	Башкортостан, Бирский район, Бирск	user+mailbox/department=shipping@example.com		good	
Ириска	Киска	Россия	Кемеровская область, Новокузнецкий район, Новокузнецк				
Аделина	Садыкова	Россия	Омск				
Абдул	Абигасанов		Махачкала		в кармане		-
Татьяна	Максимова	Россия	Башкортостан, Бирский район, Бирск				
Ириска	Киска	Россия	Кемеровская область, Новокузнецкий район, Новокузнецк				
Аделина	Садыкова	Россия	Омск		апро		-
Петро	Порошенко	Украина	Херсонская область, Херсон				
Татьяна	Максимова	Россия	Башкортостан, Бирский район, Бирск	test@email.ru		good	
Абдул	Абигасанов		Махачкала				
Петро	Порошенко	Украина	Херсонская область, Херсон				
Аделина	Садыкова	Россия	Омск				
Татьяна	Максимова	Россия	Башкортостан, Бирский район, Бирск				
Абдул	Абигасанов	Россия	Дагестан, Махачкала				
Маргарита	Тимофеева	Россия	Электросталь				
Петро	Порошенко	Украина	Херсонская область, Херсон				
Аделина	Садыкова	Россия	Омская область, Омск	test@email.ru		good	
Людмила	Сбоева (Панасюк)	Россия	Марий Эл, Волжский район, Волжск				
Татьяна	Максимова	Россия	Башкортостан, Бирский район, Бирск				
Абдул	Абигасанов	Россия	Дагестан, Махачкала				
Маргарита	Тимофеева	Россия	Электросталь				
Абдул	Абигасанов	Россия	Дагестан, Махачкала				
Петро	Порошенко	Украина	Херсонская область, Херсон	qwerty@gmail.com		good	
Людмила	Сбоева (Панасюк)	Россия	Марий Эл, Волжский район, Волжск				
Татьяна	Максимова	Россия	Башкортостан, Бирский район, Бирск				
Абдул	Абигасанов	Россия	Дагестан, Махачкала	qwerty@gmail.com		good	
Аделина	Садыкова	Россия	Омская область, Омск				
Петро	Порошенко	Украина	Херсонская область, Херсон	qwerty@gmail.com		good	
Татьяна	Максимова	Россия	Башкортостан, Бирский район, Бирск				
Кирилл	Кулешов	Россия	Москва				
Абдул	Абигасанов	Россия	Дагестан, Махачкала				
Margarita	Timofeeva	Россия	Электросталь				
Людмила	Сбоева (Панасюк)	Россия	Марий Эл, Волжский район, Волжск				
Петро	Порошенко	Украина	Херсонская область, Херсон	qwerty@gmail.com		good	
Татьяна	Максимова	Россия	Башкортостан, Бирский район, Бирск				
Анастасия	Басорева	Россия	Прокопьевск		чёрный		-
Абдул	Абигасанов	Россия	Дагестан, Махачкала				
Анастасия	Басорева	Россия	Прокопьевск				
Аделина	Садыкова	Россия	Омская область, Омск				
Абдул	Абигасанов	Россия	Дагестан, Махачкала	qwerty@gmail.com		good	
Татьяна	Максимова	Россия	Башкортостан, Бирский район, Бирск				
Маргарита	Тимофеева		Электросталь		Sony Ericsson		-
Петро	Порошенко	Украина	Херсонская область, Херсон		89099678767		good
Анастасия	Басорева	Россия	Прокопьевск				
Аделина	Садыкова	Россия	Омская область, Омск				
Татьяна	Максимова	Россия	Башкортостан, Бирский район, Бирск		89099678767		good
Абдул	Абигасанов	Россия	Дагестан, Махачкала		89099678767		good
Петро	Порошенко	Украина	Херсонская область, Херсон	qwerty@gmail.com	89099678767	good	good
Аделина	Садыкова	Россия	Омская область, Омск		89099678767		good
Абдул	Абигасанов	Россия	Дагестан, Махачкала				
Виталий	Кирпиченко		Феодосия		38099258352		-
Anastasia	Basoreva	Россия	Прокопьевск				
Татьяна	Максимова	Россия	Башкортостан, Бирский район, Бирск				
Аделина	Садыкова	Россия	Омская область, Омск				
Татьяна	Максимова	Россия	Башкортостан, Бирский район, Бирск				
Абдул	Абигасанов	Россия	Дагестан, Махачкала				
Петро	Порошенко	Украина	Херсонская область, Херсон				
Анеля	Тургынбай	Казахстан	Кордай	qwerty@gmail.com		good	
Аделина	Садыкова	Россия	Омская область, Омск				
Татьяна	Максимова	Россия	Башкортостан, Бирский район, Бирск				
Абдул	Абигасанов	Россия	Дагестан, Махачкала				
Петро	Порошенко	Украина	Херсонская область, Херсон				
Аделина	Садыкова	Россия	Омская область, Омск	qwerty@gmail.com		good	
Абдул	Абигасанов	Россия	Дагестан, Махачкала				
Виталий	Кирпиченко		Феодосия		38099258352		-
Анастасия	Басорева		Прокопьевск		белый		-
Аделина	Садыкова	Россия	Омская область, Омск				
Анастасия	Басорева	Россия	Прокопьевск	qwerty@gmail.com		good	
Аделина	Садыкова	Россия	Омская область, Омск				
Universum	Tour-Center	Беларусь	Минская область, Минский район, Минск	qwerty@gmail.com	+375445349688	good	-
Абдул	Абигасанов	Россия	Дагестан, Махачкала	qwerty@gmail.com	+375445349689	good	-
Анастасия	Басорева	Россия	Прокопьевск	qwerty@gmail.com		good	
Аделина	Садыкова	Россия	Омская область, Омск	qwerty@gmail.com		good	
Universum	Tour-Center	Беларусь	Минская область, Минский район, Минск	qwerty@gmail.com		good	
Абдул	Абигасанов	Россия	Дагестан, Махачкала	qwerty@gmail.com		good	
Анастасия	Басорева	Россия	Прокопьевск	qwerty@gmail.com		good	
Аделина	Садыкова	Россия	Омская область, Омск	qwerty@gmail.com		good	
Дарья	Бондаренко	Украина	Одесса		89099678767		good
Universum	Tour-Center	Беларусь	Минская область, Минский район, Минск	qwerty@gmail.com	89099678767		good
Хроме	Докуро	Италия	Regione Emilia-Romagna, Provincia di Bologna, Bologna		89099678767		good
Аделина	Садыкова	Россия	Омская область, Омск		89099678767		good
Абдул	Абигасанов	Россия	Дагестан, Махачкала		89099678767		good
Дарья	Бондаренко	Украина	Одесса		89099678767		good
Universum	Tour-Center	Беларусь	Минская область, Минский район, Минск	test_email1@gmail.com	89099678767	good	good
Хроме	Докуро	Италия	Regione Emilia-Romagna, Provincia di Bologna, Bologna	test_email1@gmail.com	89099477767	good	good
Дарья	Бондаренко	Украина	Одесса	test_email1@gmail.com	89099477767	good	good
Universum	Tour-Center	Беларусь	Минская область, Минский район, Минск	test_email1@gmail.com	89099477767	good	good
Абдул	Абигасанов	Россия	Дагестан, Махачкала	test_email1@gmail.com	89099477767	good	good
Аделина	Садыкова	Россия	Омская область, Омск	test_email1@gmail.com	89099477767	good	good
Дарья	Бондаренко	Украина	Одесса	test_email1@gmail.com	89099477767	good	good
Хроме	Докуро	Италия	Regione Emilia-Romagna, Provincia di Bologna, Bologna	test_email1@gmail.com	89099477767	good	good
Аделина	Садыкова	Россия	Омская область, Омск	test_email1@gmail.com	89099477767	good	good
Дарья	Бондаренко	Украина	Одесса	test_email1@gmail.com	89099477767	good	good
Universum	Tour-Center	Беларусь	Минская область, Минский район, Минск	test_email1@gmail.com		good	
Lady	Gaga	Россия	Чеченская, Грозный	test_email1@gmail.com	89280000002	good	good
Дарья	Бондаренко	Украина	Одесса	test_email1@gmail.com	89280000002	good	good
Universum	Tour-Center	Беларусь	Минская область, Минский район, Минск	test_email1@gmail.com	89280000002	good	good
Lady	Gaga	Россия	Чеченская, Грозный	test_email1@gmail.com	89280000002	good	good
Аделина	Садыкова	Россия	Омская область, Омск	test_email1@gmail.com	89280000002	good	good
Universum	Tour-Center	Беларусь	Минская область, Минский район, Минск	test_email1@gmail.com	89280000002	good	good
Оля	Кризькая	Украина	Мариуполь	test_email1@gmail.com	++++++++	good	
Хроме	Докуро	Италия	Regione Emilia-Romagna, Provincia di Bologna, Bologna	test_email1@gmail.com		good	
Universum	Tour-Center	Беларусь	Минская область, Минский район, Минск	test_email1@gmail.com		good	
Оля	Кризькая	Украина	Мариуполь	test_email1@gmail.com		good	
Хроме	Докуро	Италия	Regione Emilia-Romagna, Provincia di Bologna, Bologna	test_email1@gmail.com		good	
Universum	Tour-Center	Беларусь	Минская область, Минский район, Минск	test_email1@gmail.com		good	
Артём	Мицкович	Беларусь	Брест	test_email1@gmail.com		good	
Darya	Bondarenko	Украина	Одесса	test_email1@gmail.com		good	
Хроме	Докуро	Италия	Regione Emilia-Romagna, Provincia di Bologna, Bologna	test_email1@gmail.com		good	
Сергей	Владимирович Чинков		Москва	test_email1@gmail.com	+7 (915) 304-5210	good	
Александр	Мальков	Россия	Липецк	test_email1@gmail.com	+7 (915) 304-5211	good	
Lady	Gaga	Россия	Чеченская, Грозный	test_email1@gmail.com	+7 (915) 304-5212	good	
Павло	Ступак	Украина	Киевская область, Фастовский район, Фастов	test_email1@gmail.com	+7 (915) 304-5213	good	
Вова	Андрейковец	Беларусь	Минск	test_email1@gmail.com	samsung	good	
Данил	Павлов	Россия	Саяногорск	test_email1@gmail.com		good	
Universum	Tour-Center	Беларусь	Минская область, Минский район, Минск	test_email1@gmail.com		good	
Артём	Мицкович	Беларусь	Брест	test_email1@gmail.com		good	
Александр	Мальков	Россия	Липецк	test_email1@gmail.com		good	
Lady	Gaga		Грозный	test_email1@gmail.com	89280000001	good	
Павло	Ступак	Украина	Киевская область, Фастовский район, Фастов	test_email1@gmail.com	89280000001	good	
Вова	Андрейковец		Минск	test_email1@gmail.com	375295999702	good	